date,start,stop,distance,calories,steps
2025-08-31,13:43,13:59,184,10,292
2025-08-31,17:40,18:15,232,20,369
2025-08-31,21:24,21:41,295,15,434
2025-08-31,21:43,22:02,377,19,598
2025-08-31,22:10,22:25,272,14,431
2025-08-31,22:31,22:40,159,7,252
2025-08-31,22:53,22:57,87,5,139
2025-09-01,13:12,13:34,99,11,158
2025-09-01,14:24,14:30,118,5,187
2025-09-01,14:52,15:02,404,13,576
2025-09-01,16:27,16:31,299,10,444
2025-09-01,16:51,16:59,126,7,201
2025-09-01,17:35,17:53,90,5,143
2025-09-01,20:20,21:02,780,151,1211
2025-09-01,21:20,21:27,173,55,275
2025-09-01,21:35,22:17,682,366,1081
2025-09-01,22:25,22:34,202,66,321
2025-09-01,22:37,22:49,79,48,126
2025-09-02,13:09,14:22,137,11,218
2025-09-02,17:48,17:55,87,7,138
2025-09-02,20:24,21:06,928,146,1454
2025-09-02,21:21,21:47,517,175,819
2025-09-02,22:00,22:22,412,184,653
2025-09-02,22:23,22:55,364,134,562
2025-09-03,13:31,13:57,154,10,245
2025-09-03,20:57,21:05,82,7,131
2025-09-03,21:12,21:31,407,112,645
2025-09-03,21:46,22:01,204,147,324
2025-09-03,22:02,22:09,215,68,340
2025-09-03,22:33,22:47,203,79,307
2025-09-04,14:47,15:01,92,8,146
2025-09-04,15:09,15:14,61,4,98
2025-09-04,17:20,17:35,63,7,100
2025-09-04,17:43,18:00,116,8,185
2025-09-04,21:24,21:35,227,10,340
2025-09-04,21:48,22:18,616,205,976
2025-09-04,22:27,22:33,166,65,263
2025-09-04,22:39,22:58,401,239,625
2025-09-04,23:02,23:07,246,81,390
2025-09-04,23:09,23:36,339,325,538
2025-09-04,23:37,23:45,204,118,324
2025-09-05,21:24,21:30,111,6,176
2025-09-05,22:38,22:44,148,7,236
2025-09-06,13:27,13:32,89,5,141
2025-09-06,23:14,23:18,119,4,189
2025-09-07,18:31,18:46,140,6,223
2025-09-07,19:46,19:50,77,3,123
2025-09-07,20:07,20:33,273,168,433
2025-09-07,20:34,20:45,142,68,226
2025-09-07,20:46,21:20,388,34,602
2025-09-08,11:57,14:28,223,14,354
2025-09-08,14:36,14:47,191,12,286
2025-09-08,17:17,17:39,346,17,549
2025-09-08,17:46,17:50,37,4,60
2025-09-08,20:15,20:28,226,11,342
2025-09-08,20:39,20:59,279,46,422
2025-09-09,13:08,13:24,106,8,168
2025-09-09,16:09,16:27,220,9,349
2025-09-09,18:10,18:16,80,6,128
2025-09-09,20:13,20:18,144,6,229
2025-09-09,20:33,20:41,249,66,395
2025-09-09,20:47,21:33,885,463,1403
2025-09-09,21:36,21:55,292,191,455
2025-09-09,21:56,22:05,159,91,252
2025-09-09,22:11,22:34,393,108,613
2025-09-10,15:01,15:15,179,10,285
2025-09-10,17:03,17:07,138,4,220
2025-09-10,19:00,19:15,73,7,116
2025-09-10,19:52,19:56,159,6,247
2025-09-10,19:59,20:18,180,79,286
2025-09-10,20:19,20:49,566,280,898
2025-09-10,20:57,21:24,515,234,817
2025-09-10,21:29,21:42,99,32,158
2025-09-11,14:12,14:19,90,5,143
2025-09-11,14:50,15:04,124,11,198
2025-09-11,15:37,15:42,73,4,117
2025-09-11,19:38,19:52,89,6,141
2025-09-11,20:16,21:01,1425,230,2081
2025-09-11,21:11,21:27,111,79,176
2025-09-12,08:40,08:45,109,4,173
2025-09-12,15:26,15:31,51,4,82
2025-09-12,20:49,21:08,215,9,329
2025-09-12,23:44,23:53,75,7,120
2025-09-13,14:36,14:46,146,5,232
2025-09-13,16:02,16:24,120,11,191
2025-09-13,16:26,16:31,87,6,139
2025-09-13,18:37,18:56,231,13,342
2025-09-13,19:35,19:53,185,13,294
2025-09-13,20:02,20:10,124,6,198
2025-09-13,20:25,20:40,228,83,362
2025-09-13,20:54,21:02,145,45,231
2025-09-13,21:03,21:09,125,62,199
2025-09-13,21:17,21:54,708,359,1123
2025-09-13,22:04,22:09,122,64,194
2025-09-13,22:16,22:24,128,72,204
2025-09-13,22:31,22:52,373,279,591
2025-09-13,23:11,23:28,210,64,322
2025-09-14,14:36,14:46,346,13,513
2025-09-14,17:34,17:40,178,7,282
2025-09-14,19:02,19:06,306,9,462
2025-09-14,19:22,19:32,127,4,202
2025-09-14,19:33,19:37,347,12,497
2025-09-14,19:38,19:43,276,10,418
2025-09-14,21:55,21:59,315,10,474
2025-09-15,07:55,08:22,162,12,257
2025-09-15,08:53,09:01,127,6,202
2025-09-15,20:11,20:24,217,11,324
2025-09-15,20:32,21:10,763,171,1210
2025-09-15,21:11,21:20,267,78,415
2025-09-15,21:23,21:31,157,83,249
2025-09-15,21:40,22:37,971,493,1537
2025-09-15,22:38,22:53,143,112,228
2025-09-15,22:55,23:03,154,9,244
2025-09-16,14:01,14:13,63,7,101
2025-09-16,14:15,14:23,94,7,149
2025-09-16,19:15,19:30,89,8,142
2025-09-16,20:46,20:51,176,4,280
2025-09-16,21:01,21:08,146,26,232
2025-09-16,21:09,21:26,450,142,714
2025-09-16,21:34,21:38,98,46,156
2025-09-16,21:48,22:06,328,145,521
2025-09-16,22:12,22:17,135,44,214
2025-09-16,22:31,22:44,367,14,575
2025-09-16,22:47,23:02,60,7,96
2025-09-17,20:26,20:37,228,12,329
2025-09-17,20:38,21:40,1283,505,2014
2025-09-17,21:41,21:54,128,119,198
2025-09-17,22:01,22:31,641,97,953
2025-09-18,13:44,13:50,211,7,329
2025-09-18,15:50,15:54,45,4,72
2025-09-18,19:29,19:57,176,11,279
2025-09-18,20:31,20:36,76,7,121
2025-09-18,20:46,20:54,205,92,326
2025-09-18,20:55,21:00,238,65,338
2025-09-18,21:03,21:19,359,142,569
2025-09-18,21:26,21:44,409,171,648
2025-09-18,21:45,21:56,333,121,520
2025-09-18,21:59,22:31,745,376,1181
2025-09-18,22:34,23:01,225,60,340
2025-09-19,13:27,13:59,65,6,103
2025-09-19,14:55,15:08,97,8,154
2025-09-19,15:45,16:03,87,8,139
2025-09-19,20:06,20:21,59,5,94
2025-09-19,20:33,20:44,170,7,249
2025-09-19,20:54,21:10,342,119,543
2025-09-19,21:11,21:53,824,384,1303
2025-09-19,22:00,23:11,1177,765,1865
2025-09-19,23:12,23:27,170,61,253
2025-09-20,20:22,21:16,1081,341,1695
2025-09-20,21:22,21:35,236,138,375
2025-09-20,21:38,21:55,118,128,188
2025-09-20,21:57,22:02,150,48,238
2025-09-20,22:31,22:58,441,85,700
2025-09-20,23:22,23:25,24,3,39
2025-09-21,01:28,01:38,404,16,568
2025-09-22,14:58,15:05,109,14,173
2025-09-22,20:12,20:27,417,29,651
2025-09-22,20:39,20:58,358,93,568
2025-09-22,21:02,21:16,136,80,216
2025-09-22,21:17,21:22,169,53,269
2025-09-22,21:24,21:48,101,126,161
2025-09-22,21:49,22:17,487,282,773
2025-09-22,22:18,22:29,81,100,129
2025-09-22,22:34,22:39,141,6,224
2025-09-23,14:44,14:54,97,6,155
2025-09-23,20:01,20:05,42,3,67
2025-09-23,20:16,20:38,338,118,537
2025-09-23,20:46,20:52,205,28,325
2025-09-23,20:58,21:05,158,80,251
2025-09-23,21:08,21:21,157,130,249
2025-09-23,21:51,22:04,268,112,426
2025-09-23,22:05,22:20,125,163,199
2025-09-23,22:22,22:38,267,151,424
2025-09-23,22:40,23:07,281,25,435
2025-09-24,08:47,08:52,87,4,139
2025-09-24,17:28,17:47,124,9,198
2025-09-24,20:13,20:17,189,6,283
2025-09-24,20:29,20:36,158,16,251
2025-09-24,20:47,20:54,126,23,201
2025-09-24,20:56,21:15,140,56,223
2025-09-24,21:16,21:54,623,254,988
2025-09-24,22:02,22:28,522,228,828
2025-09-24,22:54,23:15,616,129,975
2025-09-25,10:07,10:15,83,5,132
2025-09-25,12:15,12:19,86,4,137
2025-09-25,17:09,17:38,169,11,268
2025-09-25,17:47,17:51,58,3,92
2025-09-25,19:24,19:46,211,17,335
2025-09-25,20:24,20:28,162,6,233
2025-09-25,20:38,20:51,272,108,431
2025-09-25,21:06,21:19,210,107,334
2025-09-25,21:32,22:17,917,362,1453
2025-09-25,22:19,23:02,333,259,528
2025-09-25,23:16,23:21,161,7,256
2025-09-25,23:22,23:37,102,11,163
2025-09-26,13:30,13:44,61,7,97
2025-09-26,14:36,14:45,261,11,411
2025-09-26,17:34,18:40,59,7,94
2025-09-26,20:07,20:12,103,4,164
2025-09-26,20:13,20:31,272,63,416
2025-09-26,20:33,20:42,247,87,391
2025-09-26,21:02,21:21,402,206,638
2025-09-26,21:30,21:57,656,257,1040
2025-09-26,22:08,22:15,185,41,294
2025-09-26,22:16,22:19,108,40,169
2025-09-26,22:20,23:02,830,372,1315
2025-09-26,23:03,23:23,234,55,358
2025-09-27,15:29,15:45,136,8,216
2025-09-27,16:07,16:14,178,7,282
2025-09-27,16:15,17:43,2972,706,4629
2025-09-27,17:50,17:59,294,72,459
2025-09-27,18:00,18:12,409,44,649
2025-09-27,18:42,18:50,183,6,290
2025-09-27,20:12,20:29,244,16,359
2025-09-27,20:30,20:49,434,113,689
2025-09-27,21:00,21:17,405,104,642
2025-09-27,21:25,21:32,264,50,416
2025-09-27,21:40,21:45,100,21,159
2025-09-27,22:10,22:18,191,8,289
2025-09-28,14:07,14:11,96,4,153
2025-09-28,14:52,15:09,127,12,202
2025-09-28,20:04,20:12,76,5,121
2025-09-28,21:40,21:54,75,4,120
2025-09-29,17:59,18:05,65,5,103
2025-09-29,19:48,19:58,89,5,141
2025-09-29,20:30,20:56,525,267,833
2025-09-29,21:07,21:17,178,120,282
2025-09-29,21:18,21:35,102,155,163
2025-09-29,21:36,21:54,322,169,511
2025-09-29,22:05,22:16,232,105,369
2025-09-29,22:32,22:44,266,122,422
2025-09-29,22:52,23:15,409,281,648
2025-09-29,23:16,23:43,361,225,542
2025-09-30,16:00,16:05,95,6,152
2025-09-30,18:53,19:08,27,3,44
2025-09-30,20:14,20:37,409,50,625
2025-09-30,20:45,21:00,467,137,741
2025-09-30,21:03,21:15,163,113,259
2025-09-30,21:16,21:41,542,221,860
2025-09-30,21:47,22:28,677,296,1074
2025-10-01,20:51,21:41,1073,350,1700
2025-10-01,21:46,22:04,425,205,666
2025-10-01,22:13,22:35,410,209,645
2025-10-01,22:36,22:40,129,47,205
2025-10-01,22:54,23:05,228,69,362
2025-10-01,23:06,23:18,159,33,250
2025-10-02,11:09,11:17,148,7,229
2025-10-02,12:17,12:25,202,7,321
2025-10-02,12:38,21:06,585,25,840
2025-10-02,21:08,21:29,470,167,745
2025-10-02,21:51,21:55,212,53,321
2025-10-02,21:58,22:17,482,195,765
2025-10-02,22:27,22:36,220,52,350
2025-10-02,22:38,22:58,128,34,204
2025-10-02,23:28,23:34,233,7,362
2025-10-02,23:42,23:46,87,4,138
2025-10-03,12:45,12:50,120,4,191
2025-10-03,20:23,21:41,1602,582,2516
2025-10-03,21:48,22:43,867,499,1375
2025-10-03,23:13,23:25,284,81,450
2025-10-03,23:26,23:34,63,7,100
2025-10-04,12:33,20:14,251,12,362
2025-10-04,20:15,20:58,830,244,1316
2025-10-04,21:12,21:25,318,137,504
2025-10-04,21:35,22:10,841,291,1333
2025-10-04,22:12,22:22,89,43,141
2025-10-04,22:43,22:48,192,7,305
2025-10-05,20:18,20:23,55,4,88
2025-10-06,11:30,12:09,198,18,314
2025-10-06,17:01,17:08,119,5,189
2025-10-06,18:42,18:52,47,5,75
2025-10-07,21:19,21:36,371,131,588
2025-10-07,21:50,22:02,240,118,381
2025-10-07,22:16,22:33,340,120,540
2025-10-07,22:48,23:11,426,218,676
2025-10-07,23:13,23:25,220,19,335
2025-10-08,12:35,12:39,69,3,110
2025-10-08,20:16,20:40,488,25,750
2025-10-08,20:43,21:37,1051,417,1666
2025-10-08,21:44,22:04,432,212,685
2025-10-08,22:12,22:39,481,248,762
2025-10-08,22:48,22:53,70,5,112
2025-10-09,14:38,14:43,373,14,494
2025-10-09,14:44,14:51,157,8,249
2025-10-09,15:15,15:19,66,4,105
2025-10-09,21:40,22:07,523,254,829
2025-10-09,22:14,22:43,606,306,961
2025-10-09,22:44,23:00,191,31,272
2025-10-10,15:18,15:25,223,18,354
2025-10-10,20:44,20:58,176,11,263
2025-10-10,20:59,21:18,415,151,658
2025-10-10,21:26,21:44,419,172,665
2025-10-10,22:09,22:26,358,209,566
2025-10-10,22:30,22:53,571,252,905
2025-10-10,22:56,23:11,73,99,117
2025-10-10,23:19,23:29,294,86,447
2025-10-11,13:31,13:52,424,17,671
2025-10-11,13:54,19:37,33,3,53
2025-10-11,20:11,20:22,219,38,323
2025-10-11,20:23,20:32,303,86,473
2025-10-11,20:33,20:47,357,121,567
2025-10-11,20:48,21:20,685,338,1082
2025-10-11,21:30,21:54,398,193,632
2025-10-11,21:55,21:59,122,44,191
2025-10-11,22:11,22:48,652,257,1034
2025-10-12,17:53,18:16,83,10,132
2025-10-12,20:11,20:26,187,13,271
2025-10-12,20:27,22:06,1718,840,2719
2025-10-14,18:13,18:19,150,7,238
2025-10-14,19:57,20:06,161,6,223
2025-10-14,20:14,20:30,373,88,591
2025-10-14,20:36,20:49,339,117,538
2025-10-14,20:59,21:15,462,150,732
2025-10-14,21:26,21:54,650,257,1031
2025-10-14,22:22,22:29,181,9,287
2025-10-14,22:31,23:03,66,5,106
2025-10-15,11:34,11:40,77,4,122
2025-10-15,19:57,20:04,200,8,307
2025-10-15,20:27,20:35,211,38,335
2025-10-15,20:36,21:03,671,225,1053
2025-10-15,21:19,21:48,260,137,413
2025-10-15,21:51,22:09,344,151,545
2025-10-16,20:42,20:49,224,14,341
2025-10-16,20:50,21:25,628,247,995
2025-10-16,21:38,21:46,195,70,310
2025-10-16,21:54,22:02,184,85,292
2025-10-16,22:12,22:18,132,29,210
2025-10-16,22:21,23:13,240,40,368
2025-10-17,17:50,18:01,127,5,202
2025-10-17,20:43,21:01,325,14,497
2025-10-17,21:08,21:15,148,80,236
2025-10-17,21:29,21:47,410,158,650
2025-10-17,21:56,22:13,295,105,468
2025-10-18,08:17,08:23,92,5,146
2025-10-18,08:47,09:00,70,5,112
2025-10-21,15:07,15:27,85,7,135
2025-10-21,15:40,15:44,79,5,126
2025-10-21,16:02,16:21,196,13,312
2025-10-21,19:06,19:10,198,5,314
2025-10-21,19:48,19:52,68,4,108
2025-10-21,20:24,20:52,187,13,273
2025-10-21,20:53,22:15,1647,691,2579
2025-10-22,18:34,18:45,103,4,164
2025-10-22,22:07,22:51,943,481,1495
2025-10-22,23:03,23:07,210,63,334
2025-10-22,23:13,23:24,308,115,489
2025-10-23,21:08,21:12,172,5,252
2025-10-23,21:25,21:32,142,48,226
2025-10-23,21:59,22:59,1103,428,1748
2025-10-23,23:06,23:13,222,47,346
2025-10-24,14:00,14:21,89,8,141
2025-10-24,20:23,20:44,364,58,553
2025-10-24,20:45,20:56,293,107,465
2025-10-24,21:12,21:26,280,93,445
2025-10-24,21:39,21:50,280,86,444
2025-10-24,22:19,22:52,801,300,1269
2025-10-24,22:55,23:08,186,9,295
2025-10-26,09:48,09:58,124,9,197
2025-10-26,10:16,10:24,105,7,167
2025-10-26,10:45,11:02,109,8,173
2025-10-27,13:27,13:41,63,3,101
2025-10-27,19:59,20:16,256,14,382
2025-10-27,20:18,20:24,348,11,502
2025-10-27,20:36,20:57,395,147,626
2025-10-27,21:12,21:24,263,73,417
2025-10-27,21:37,22:35,1169,466,1853
2025-10-27,22:38,23:02,389,262,614
2025-10-27,23:10,23:25,155,12,247
2025-10-28,11:46,14:01,101,6,161
2025-10-28,20:20,20:57,796,165,1239
2025-10-28,21:17,21:21,84,48,134
2025-10-28,21:39,22:13,573,350,908
2025-10-28,22:27,22:31,75,3,120
2025-10-28,22:33,22:46,75,6,120
2025-10-29,13:36,13:40,90,5,143
2025-10-29,20:36,20:55,395,81,627
2025-10-29,21:14,21:21,135,61,214
2025-10-29,21:22,21:29,200,70,314
2025-10-29,21:32,22:35,1020,505,1612
2025-10-30,20:44,21:20,494,25,753
2025-10-30,21:38,21:43,144,7,212
2025-11-03,18:10,18:16,519,19,720
2025-11-03,18:37,18:41,164,5,256
2025-11-03,20:04,20:10,217,19,345
2025-11-03,20:19,20:48,553,171,877
2025-11-03,20:56,21:09,334,108,530
2025-11-03,21:32,21:47,387,142,614
2025-11-03,22:11,22:39,523,212,806
2025-11-04,19:46,19:53,123,6,195
2025-11-04,20:13,21:15,1199,383,1892
2025-11-04,21:21,21:28,132,52,210
2025-11-04,22:12,22:22,252,10,400
2025-11-09,07:38,07:52,303,12,422
2025-11-09,07:53,07:57,46,3,73
2025-11-09,08:22,08:43,202,14,321
2025-11-09,09:38,09:45,302,8,460
2025-11-09,14:44,17:25,712,73,1064
2025-11-09,18:58,19:08,70,4,112
2025-11-10,09:17,09:28,160,8,255
2025-11-10,18:02,18:12,445,28,662
2025-11-10,18:13,18:17,679,39,778
2025-11-10,18:30,18:34,278,37,404
2025-11-10,18:41,19:03,455,110,721
2025-11-11,10:32,10:47,54,4,87
2025-11-11,13:06,17:34,115,7,183
2025-11-11,17:57,18:25,836,151,1263
2025-11-11,18:37,18:55,940,198,1392
2025-11-11,18:59,19:19,318,92,505
2025-11-11,19:20,19:26,228,75,355
2025-11-11,19:27,19:45,224,38,355
2025-11-12,06:54,09:09,181,10,280
2025-11-12,10:07,10:11,274,9,385
2025-11-12,10:35,10:53,461,18,731
2025-11-12,17:07,17:11,234,7,368
2025-11-12,17:14,17:36,203,15,322
2025-11-12,17:53,18:16,374,75,594
2025-11-12,18:17,18:26,785,101,1041
2025-11-12,18:27,18:33,148,46,235
2025-11-12,18:38,18:42,208,48,303
2025-11-12,18:54,19:00,301,8,467
2025-11-13,11:07,11:11,104,3,165
2025-11-13,17:25,17:58,514,27,748
2025-11-13,17:59,18:06,138,7,220
2025-11-13,18:20,18:53,1020,158,1605
2025-11-13,18:59,19:13,311,32,493
2025-11-13,19:29,19:34,277,9,435
2025-11-14,11:31,11:35,56,5,89
2025-11-14,14:14,14:18,272,8,397
2025-11-14,14:27,14:31,266,9,388
2025-11-15,05:46,06:02,105,9,167
2025-11-15,06:48,06:54,401,72,616
2025-11-15,10:27,10:34,79,4,126
2025-11-15,11:22,11:28,267,10,398
2025-11-15,11:42,11:46,94,3,149
2025-11-15,12:48,12:53,287,8,442
2025-11-15,13:27,13:37,226,9,353
2025-11-15,15:08,15:30,183,7,291
2025-11-15,16:13,16:20,164,5,261
2025-11-15,17:00,17:06,244,7,381
2025-11-20,19:55,21:27,1831,609,2816
2025-11-22,11:05,11:10,353,13,510
2025-11-22,11:11,11:30,417,63,651
2025-11-22,11:49,11:57,449,75,638
2025-11-23,20:42,21:05,89,10,141
2025-11-24,14:48,15:10,150,9,238
2025-11-24,15:18,15:40,150,11,238
2025-11-24,21:29,22:30,1115,599,1738
2025-11-24,22:33,22:45,157,36,239
2025-11-25,21:09,21:52,798,352,1265
2025-11-25,21:53,22:03,246,111,390
2025-11-25,22:04,22:25,260,255,411
2025-11-25,22:26,22:31,114,85,182
2025-11-25,22:38,22:45,194,52,306
2025-11-25,23:11,23:17,84,5,134
2025-11-26,15:33,15:41,243,10,373
2025-11-26,20:16,21:11,1048,568,1661
2025-11-26,21:21,22:04,1067,501,1686
2025-11-26,22:10,22:24,89,43,141
2025-11-26,22:27,22:33,111,17,176
2025-11-28,09:36,09:49,70,6,111
2025-11-28,10:04,10:08,87,3,139
2025-11-28,20:21,20:50,496,131,786
2025-11-28,20:57,21:04,161,54,256
2025-11-28,21:05,21:33,725,220,1031
2025-11-28,21:41,21:56,59,48,94
2025-11-28,22:04,22:08,227,5,348
2025-11-28,22:11,22:32,237,16,366
2025-11-29,18:07,19:11,5419,183,7073
2025-11-29,19:12,19:16,137,6,218
2025-11-29,20:30,21:46,1783,703,2825
2025-11-29,21:49,22:10,250,40,384
2025-12-01,06:43,06:53,248,16,377
2025-12-01,06:54,07:23,544,62,862
2025-12-01,07:37,07:44,138,32,219
2025-12-01,08:06,08:22,375,101,595
2025-12-01,08:38,09:20,941,318,1492
2025-12-01,09:28,09:37,243,79,386
2025-12-01,09:39,09:52,343,56,486
2025-12-02,08:16,08:24,78,5,124
2025-12-02,09:08,09:12,301,9,413
2025-12-02,10:16,10:21,269,8,419
2025-12-03,09:10,09:20,317,12,456
2025-12-03,10:18,10:23,294,9,447
2025-12-04,07:24,07:32,124,8,198
2025-12-04,09:19,09:40,643,26,917
2025-12-04,10:15,10:21,267,9,390
2025-12-04,10:49,11:03,120,7,191
2025-12-04,11:19,11:23,49,3,79
2025-12-04,15:09,15:25,133,6,212
2025-12-04,17:18,17:22,143,4,227
2025-12-04,20:59,21:06,111,5,177
2025-12-05,08:25,08:37,76,4,121
2025-12-05,08:40,08:45,90,5,144
2025-12-05,09:08,09:12,319,10,445
2025-12-05,09:26,09:35,232,7,339
2025-12-05,10:06,10:10,258,9,374
2025-12-05,10:25,10:32,267,8,408
2025-12-05,11:46,12:03,63,4,100
2025-12-05,20:43,21:03,606,56,837
2025-12-05,21:09,22:11,989,455,1568
2025-12-05,22:14,22:33,182,191,289
2025-12-05,22:34,22:40,180,28,279
2025-12-05,22:47,22:51,87,4,138
2025-12-06,08:44,08:49,94,5,149
2025-12-06,10:02,10:08,258,9,379
2025-12-06,10:31,20:19,240,12,354
2025-12-06,20:20,20:34,203,99,323
2025-12-06,20:41,20:50,161,63,256
2025-12-06,20:51,21:03,188,114,299
2025-12-06,21:13,21:19,97,58,155
2025-12-06,21:20,21:47,301,174,477
2025-12-06,21:53,22:01,189,32,300
2025-12-06,22:12,22:16,117,19,186
2025-12-06,22:23,22:30,136,6,216
2025-12-06,23:05,23:17,89,6,141
2025-12-07,03:05,23:59,983,46,1238
2025-12-08,17:22,17:39,365,22,535
2025-12-08,17:40,17:56,1071,163,1504
2025-12-08,17:57,18:01,350,49,460
2025-12-08,18:02,18:06,415,47,555
2025-12-08,18:07,18:14,547,80,761
2025-12-08,19:27,19:52,111,8,176
2025-12-08,20:20,20:37,250,14,361
2025-12-08,20:39,20:59,563,68,893
2025-12-08,21:05,22:12,1480,469,2345
2025-12-08,22:19,22:25,144,8,229
2025-12-09,09:32,09:36,59,3,95
2025-12-09,09:44,09:48,70,4,112
2025-12-09,20:53,20:59,152,12,242
2025-12-09,21:08,21:17,135,62,214
2025-12-09,21:29,21:47,408,121,647
2025-12-09,21:55,22:02,152,60,241
2025-12-09,22:11,22:21,230,11,347
2025-12-10,09:02,09:07,176,7,275
2025-12-10,09:08,09:14,437,14,641
2025-12-10,23:47,23:51,94,4,149
2025-12-12,18:56,19:00,150,4,239
2025-12-12,19:09,19:15,215,9,341
2025-12-12,19:18,19:31,95,5,151
2025-12-12,20:09,20:30,589,27,767
2025-12-12,21:39,22:30,2717,384,3762
2025-12-12,22:31,22:51,227,169,360
2025-12-12,22:53,22:57,151,31,240
2025-12-12,23:21,23:29,49,4,79
2025-12-13,06:40,06:50,149,8,217
2025-12-13,06:51,06:55,147,11,234
2025-12-13,06:56,07:03,323,85,505
2025-12-13,07:08,07:33,535,274,848
2025-12-13,07:40,08:01,530,225,841
2025-12-13,08:22,08:55,674,281,1068
2025-12-13,08:56,09:12,382,176,599
2025-12-13,09:15,09:44,579,172,909
2025-12-13,17:56,18:00,121,6,193
2025-12-13,18:38,18:45,275,10,436
2025-12-13,20:14,20:25,289,9,454
2025-12-13,20:41,20:45,212,6,336
2025-12-13,21:04,21:09,123,5,195
2025-12-14,03:09,03:16,158,5,251
2025-12-14,08:49,08:53,72,3,115
2025-12-14,20:06,20:16,235,37,373
2025-12-14,20:19,20:34,155,105,246
2025-12-14,20:40,20:59,435,156,690
2025-12-14,21:01,21:25,431,155,653
2025-12-14,21:30,21:50,370,218,587
2025-12-14,22:06,22:14,128,67,203
2025-12-14,22:44,22:49,95,5,151
2025-12-15,10:50,10:54,40,4,64
2025-12-15,11:07,11:32,49,4,79
2025-12-15,21:45,22:01,97,9,154
2025-12-16,18:44,19:03,280,12,427
2025-12-16,20:29,20:49,248,15,381
2025-12-16,20:50,21:13,601,165,953
2025-12-16,21:24,21:52,722,310,1145
2025-12-16,22:00,22:04,72,35,115
2025-12-17,17:48,17:52,60,3,96
2025-12-17,18:29,18:42,97,8,154
2025-12-17,20:33,20:50,249,15,375
2025-12-17,20:51,20:55,104,29,165
2025-12-17,20:56,21:01,193,55,291
2025-12-17,21:02,21:42,833,293,1320
2025-12-17,22:05,22:22,135,9,215
2025-12-17,22:30,22:38,176,8,276
2025-12-19,06:59,07:29,618,120,980
2025-12-19,07:40,07:55,385,94,611
2025-12-19,08:26,08:35,198,57,314
2025-12-19,08:46,09:02,260,65,402
2025-12-19,14:21,14:26,118,4,187
2025-12-19,14:57,15:14,90,6,144
2025-12-19,21:17,21:28,296,56,459
2025-12-19,21:29,21:43,1210,101,1608
2025-12-19,21:56,22:05,59,6,95
2025-12-20,06:59,07:07,105,8,167
2025-12-20,07:16,07:57,578,72,900
2025-12-20,08:07,08:23,250,133,397
2025-12-20,08:38,09:06,519,169,823
2025-12-20,09:07,09:17,189,27,295
2025-12-20,17:45,18:11,395,17,578
2025-12-20,18:41,19:05,134,10,213
2025-12-20,20:07,20:28,260,16,388
2025-12-20,20:29,21:04,703,243,1115
2025-12-20,21:14,21:30,260,110,412
2025-12-20,21:40,21:58,419,138,664
2025-12-21,12:27,12:32,95,5,151
2025-12-21,12:44,12:51,203,10,323
2025-12-21,14:37,14:44,276,11,383
2025-12-21,20:00,20:21,276,41,417
2025-12-21,20:22,20:28,130,53,207
2025-12-21,20:29,20:41,258,105,394
2025-12-21,20:45,21:05,426,167,675
2025-12-21,21:15,21:30,343,98,534
2025-12-21,21:40,21:45,87,4,138
2025-12-22,20:42,20:46,150,5,239
2025-12-22,20:47,20:54,222,47,346
2025-12-22,20:56,21:12,132,45,210
2025-12-22,21:13,21:17,139,48,221
2025-12-22,21:32,21:43,278,75,441
2025-12-22,21:45,22:00,73,52,116
2025-12-22,22:01,22:15,337,143,535
2025-12-22,22:23,22:33,364,136,578
2025-12-23,17:27,17:31,99,4,157
2025-12-24,17:38,17:59,236,11,362
2025-12-24,18:00,18:09,314,12,498
2025-12-24,18:30,18:35,138,46,220
2025-12-24,20:00,20:07,80,4,127
2025-12-24,23:39,23:47,112,7,178
2025-12-25,07:21,07:31,181,10,264
2025-12-25,07:36,07:53,309,107,491
2025-12-25,08:16,08:38,280,133,445
2025-12-25,08:53,09:10,271,121,430
2025-12-25,09:25,09:52,413,198,655
2025-12-25,10:09,10:14,193,7,304
2025-12-25,20:41,21:29,479,188,748
2025-12-25,21:35,21:52,265,138,420
2025-12-25,22:01,22:29,517,244,820
2025-12-25,22:31,23:59,241,47,378
2025-12-26,16:37,16:50,66,7,106
2025-12-26,17:43,17:48,92,4,147
2025-12-26,18:00,18:16,59,5,94
2025-12-26,20:37,20:54,445,78,706
2025-12-26,20:55,21:04,269,101,425
2025-12-26,21:08,21:54,1004,440,1592
2025-12-26,22:08,23:06,1364,513,2147
2025-12-27,12:49,13:08,96,8,153
2025-12-28,11:53,12:07,72,5,115
2025-12-28,20:06,20:25,315,15,476
2025-12-28,20:26,20:31,144,22,222
2025-12-28,20:35,21:01,540,254,857
2025-12-28,21:21,21:31,226,118,359
2025-12-28,21:50,22:30,979,409,1552
2025-12-28,22:48,22:59,199,63,308
2025-12-29,20:34,20:40,71,5,113
2025-12-29,20:46,20:50,68,5,108
2025-12-29,21:10,21:25,224,36,333
2025-12-30,06:26,06:42,76,9,121
2025-12-30,06:54,07:30,1078,160,1629
2025-12-30,07:31,07:34,150,43,223
2025-12-30,07:35,08:47,1350,389,2129
2025-12-30,09:02,09:06,37,2,60
2025-12-30,19:36,19:51,241,14,362
2025-12-30,20:16,20:20,140,14,223
2025-12-30,20:27,20:35,275,80,433
2025-12-30,20:36,20:43,164,64,261
2025-12-30,20:54,21:13,332,186,527
2025-12-30,21:22,21:49,508,200,805
2025-12-30,21:55,22:03,193,17,296
2026-01-01,13:48,13:55,48,3,77
2026-01-01,18:36,18:55,138,7,220
2026-01-01,19:01,19:05,106,36,168
2026-01-01,19:19,19:23,65,43,103
2026-01-01,19:24,19:43,177,87,280
2026-01-01,19:47,19:57,502,66,758
2026-01-01,21:46,21:56,397,12,605
2026-01-01,21:57,22:05,573,18,857
2026-01-01,22:54,23:09,165,12,262
2026-01-02,16:54,17:17,469,59,742
2026-01-02,17:23,17:27,207,36,311
2026-01-02,17:35,17:51,1298,178,1734
2026-01-02,18:06,18:17,206,49,306
2026-01-02,18:50,19:02,97,7,154
2026-01-02,20:01,20:06,114,5,181
2026-01-02,21:03,21:07,77,3,123
2026-01-02,21:29,21:37,179,7,285
2026-01-02,21:38,21:53,112,9,178
2026-01-03,06:45,07:03,321,31,481
2026-01-03,07:04,07:32,614,210,955
2026-01-03,07:41,08:04,400,176,634
2026-01-03,08:14,08:24,138,71,220
2026-01-03,08:34,08:55,303,139,481
2026-01-03,09:07,09:31,472,132,736
2026-01-03,17:16,17:36,177,11,281
2026-01-03,19:55,19:59,47,2,75
2026-01-03,20:24,20:43,385,102,610
2026-01-03,21:01,21:14,292,91,463
2026-01-03,21:31,22:36,1320,502,2087
2026-01-04,10:16,10:31,65,8,104
2026-01-04,20:10,20:34,507,211,804
2026-01-04,20:41,20:47,141,59,224
2026-01-04,21:06,21:34,614,202,963
2026-01-04,21:47,22:23,736,303,1167
2026-01-04,22:26,22:40,325,101,497
2026-01-05,19:17,19:58,448,61,664
2026-01-05,20:13,20:33,463,74,734
2026-01-05,20:34,20:52,441,145,694
2026-01-05,20:53,21:00,266,15,362
2026-01-05,21:01,21:29,667,239,1040
2026-01-05,21:32,21:36,85,50,136
2026-01-05,21:46,21:59,233,108,370
2026-01-05,22:11,22:30,404,115,641
2026-01-05,22:33,22:43,167,92,265
2026-01-05,22:46,22:51,92,7,146
2026-01-05,22:52,23:14,80,9,127
2026-01-06,14:41,14:46,164,7,261
2026-01-06,15:11,15:18,141,6,224
2026-01-06,18:05,18:09,84,5,134
2026-01-06,18:10,18:58,2184,365,3066
2026-01-06,20:03,20:09,159,6,253
2026-01-06,20:28,20:53,446,205,707
2026-01-06,21:02,21:10,213,55,338
2026-01-06,21:16,21:24,142,79,226
2026-01-06,21:37,21:46,236,9,364
2026-01-07,20:30,22:06,2084,705,3302
2026-01-07,22:08,22:20,186,42,293
2026-01-07,23:16,23:31,123,10,196
2026-01-08,13:35,13:47,83,7,133
2026-01-08,14:20,14:24,137,4,218
2026-01-08,21:33,21:41,235,34,347
2026-01-08,21:44,22:12,520,296,824
2026-01-08,22:26,22:30,157,28,249
2026-01-09,13:33,13:40,112,4,178
2026-01-09,14:32,14:48,85,5,136
2026-01-09,15:03,15:22,60,7,96
2026-01-09,19:30,19:47,271,12,412
2026-01-09,20:11,20:18,258,15,409
2026-01-09,20:25,20:59,674,299,1068
2026-01-09,21:06,21:16,233,95,370
2026-01-09,21:25,21:34,219,37,348
2026-01-09,21:56,22:07,224,9,348
2026-01-10,08:20,08:25,182,6,273
2026-01-10,08:34,08:42,223,32,354
2026-01-10,08:43,08:50,237,71,372
2026-01-10,09:15,09:29,248,107,393
2026-01-10,09:46,09:53,220,29,349
2026-01-10,10:06,10:22,162,115,257
2026-01-10,10:38,10:52,63,8,101
2026-01-10,11:53,11:57,114,4,182
2026-01-12,16:41,17:05,263,14,407
2026-01-12,18:05,18:21,61,5,97
2026-01-12,21:12,22:14,1146,413,1817
2026-01-12,22:22,22:26,174,5,270
2026-01-12,22:35,22:40,81,4,129
2026-01-13,09:55,10:00,121,4,192
2026-01-13,13:42,13:52,169,9,269
2026-01-14,15:28,15:44,273,16,401
2026-01-14,15:50,16:22,580,108,897
2026-01-14,16:23,16:27,162,62,250
2026-01-14,16:35,16:39,131,29,209
2026-01-14,16:59,17:08,282,89,447
2026-01-14,17:54,17:58,350,10,500
2026-01-14,17:59,18:15,138,10,220
2026-01-14,20:36,20:40,106,6,157
2026-01-14,20:43,20:56,326,129,518
2026-01-14,21:06,21:21,264,130,419
2026-01-14,21:33,21:47,393,126,609
2026-01-14,22:05,22:19,323,98,513
2026-01-14,22:31,22:38,135,67,214
2026-01-14,22:45,22:53,225,28,340
2026-01-15,10:30,10:46,239,11,379
2026-01-15,16:34,16:45,270,12,393
2026-01-15,16:53,17:09,186,151,296
2026-01-15,17:10,18:40,7973,750,11067
2026-01-15,18:41,18:51,226,64,334
2026-01-16,13:38,15:09,94,10,150
2026-01-16,16:31,17:03,483,147,736
2026-01-16,17:04,18:37,8013,790,11487
2026-01-16,21:27,23:01,1913,862,3009
2026-01-16,23:04,23:13,178,51,270
2026-01-17,15:59,16:59,288,17,445
2026-01-17,17:00,18:03,5381,342,7779
2026-01-17,18:04,18:10,75,9,120
2026-01-17,22:21,22:29,45,5,72
2026-01-17,23:45,23:59,109,5,174
2026-01-18,07:11,07:15,73,5,117
2026-01-18,07:29,07:47,384,25,609
2026-01-18,07:55,08:25,839,159,1318
2026-01-18,08:28,08:37,854,66,1221
2026-01-18,08:57,09:06,191,10,304
2026-01-18,09:16,09:21,83,4,132
2026-01-18,09:35,10:20,458,25,717
2026-01-18,10:29,10:39,83,6,132
2026-01-19,14:55,16:50,80,7,128
2026-01-19,20:05,20:09,86,5,137
2026-01-19,20:22,20:39,295,130,460
2026-01-19,20:58,21:02,422,21,573
2026-01-19,21:06,21:17,220,83,349
2026-01-19,21:29,21:44,290,94,460
2026-01-19,21:55,22:13,349,101,554
2026-01-19,22:14,22:32,173,133,275
2026-01-19,22:42,22:50,166,8,263
2026-01-20,14:01,14:06,75,6,119
2026-01-20,16:33,16:47,436,34,617
2026-01-20,17:17,18:50,8073,814,11536
2026-01-20,18:51,18:57,231,38,341
2026-01-22,17:31,17:50,148,13,235
2026-01-22,17:55,18:00,156,7,248
2026-01-22,18:09,18:28,312,17,495
2026-01-22,18:30,18:46,110,9,175
2026-01-22,22:37,22:41,106,4,169
2026-01-23,08:40,09:04,242,12,372
2026-01-23,09:09,09:13,146,5,232
2026-01-23,10:16,10:52,440,19,681
2026-01-23,11:27,11:31,128,5,193
2026-01-23,13:28,13:55,97,10,154
2026-01-23,19:32,19:37,95,5,152
2026-01-23,19:49,20:15,90,5,143
2026-01-24,08:54,09:07,122,8,194
2026-01-24,09:10,09:14,82,4,130
2026-01-24,09:25,09:39,432,14,652
2026-01-24,11:07,11:25,867,31,1307
2026-01-24,11:45,11:59,560,18,846
2026-01-24,12:05,12:11,300,10,466
2026-01-24,13:02,13:07,198,6,313
2026-01-24,13:21,13:25,260,6,388
2026-01-24,14:33,14:53,611,24,890
2026-01-24,15:26,21:22,87,7,139
2026-01-25,12:13,12:29,140,8,223
2026-01-25,13:55,14:02,116,6,185
2026-01-25,15:24,15:30,136,6,217
2026-01-25,15:49,15:53,94,4,150
2026-01-25,16:35,16:43,214,9,331
2026-01-25,17:26,17:31,237,7,360
2026-01-25,17:40,17:46,399,14,562
2026-01-25,18:27,18:31,246,7,362
2026-01-25,19:05,19:38,1155,42,1736
2026-01-25,19:46,19:57,596,18,931
2026-01-25,19:58,20:03,320,13,477
2026-01-25,21:07,21:21,159,7,252
2026-01-25,22:20,22:41,724,24,1115
2026-01-26,08:28,08:45,109,8,174
2026-01-26,08:54,09:08,296,12,465
2026-01-26,11:20,11:41,162,9,258
2026-01-26,14:31,14:36,164,4,261
2026-01-26,15:26,15:30,66,3,106
2026-01-26,19:42,19:50,114,5,182
2026-01-27,10:58,11:17,174,11,276
2026-01-27,13:30,14:08,611,27,904
2026-01-27,14:44,14:58,77,5,123
2026-01-27,20:03,20:19,278,17,421
2026-01-27,20:31,20:44,196,84,312
2026-01-27,20:53,21:25,651,269,1032
2026-01-27,21:32,21:51,480,202,761
2026-01-27,21:56,22:08,303,134,469
2026-01-27,22:09,22:28,265,66,418
2026-01-28,12:36,12:45,72,4,115
2026-01-28,14:09,15:42,57,5,91
2026-01-28,20:27,20:32,184,7,278
2026-01-28,20:45,21:23,818,208,1297
2026-01-28,21:24,21:29,151,50,232
2026-01-28,21:32,21:55,331,187,525
2026-01-28,22:10,22:14,77,3,123
2026-01-29,21:37,22:07,638,213,1012
2026-01-29,22:09,22:22,92,17,146
2026-01-30,15:50,15:56,132,7,210
2026-01-30,16:07,16:13,150,65,238
2026-01-30,16:22,16:28,77,52,122
2026-01-30,16:29,17:04,2874,337,4160
2026-01-30,17:05,17:09,204,35,311
2026-01-30,21:34,21:51,404,71,604
2026-01-30,21:52,21:59,179,83,279
2026-01-30,22:00,22:37,788,309,1249
2026-01-30,22:45,23:28,105,6,167
2026-01-31,00:03,00:07,355,11,485
